{"cameraMode":{"drawMode":0,"name":"Shaded","section":"Shading Mode"},"sceneLighting":true,"audioPlay":false,"sceneViewState":{"showFog":true,"showMaterialUpdate":false,"showSkybox":false,"showFlares":true,"showImageEffects":true,"showParticleSystems":true},"in2DMode":false,"pivot":{"x":-1.4649310111999512,"y":3.269146680831909,"z":-0.6346597671508789},"rotation":{"x":-0.08374689519405365,"y":0.812355637550354,"z":-0.12054093182086945,"w":-0.5643905401229858},"size":8.7098388671875,"orthographic":false}